Name,Price,Distance,Size,Wifi,Security_Score
Kost_Mawar,1800,1.2,18,40,5
Kost_Sepatu,2200,3.1,12,50,5
Kost_Melati,2000,4.5,16,59,4
Kost_Seruni,2200,5.1,20,51,8
Kost_Kenanga,500,4.6,18,88,9
Kost_Cempaka,900,5.7,7,89,5
Kost_Tulip,2100,2.5,8,114,5
Kost_Lavender,2300,1.1,11,63,9
Kost_Sepatu,2200,3.1,12,50,5
Kost_Anyelir,1900,2.4,17,87,4